,acc,sens,spec,bal_acc,prec,f1,auroc,_mean_acc,Δacc vs ref,p (NB-corrected t)
Full GeoTop (184),"0.857 [0.856, 0.858]","0.861 [0.859, 0.863]","0.854 [0.851, 0.856]","0.857 [0.856, 0.859]","0.830 [0.828, 0.833]","0.845 [0.844, 0.847]","0.939 [0.938, 0.940]",0.8570821959356991,,
Drop Euler (L0) from geometric block,"0.857 [0.856, 0.859]","0.865 [0.861, 0.868]","0.851 [0.848, 0.854]","0.858 [0.856, 0.859]","0.828 [0.826, 0.831]","0.846 [0.844, 0.848]","0.938 [0.938, 0.939]",0.8572035183500152,+0.0001,0.966
Drop Betti-curve amplitudes from topological block,"0.857 [0.856, 0.859]","0.861 [0.860, 0.863]","0.854 [0.850, 0.857]","0.858 [0.856, 0.859]","0.830 [0.827, 0.833]","0.846 [0.844, 0.847]","0.939 [0.938, 0.939]",0.8571731877464362,+0.0001,0.974
Drop BOTH Euler-linked sets,"0.856 [0.855, 0.857]","0.862 [0.860, 0.864]","0.851 [0.850, 0.853]","0.857 [0.856, 0.858]","0.828 [0.827, 0.830]","0.845 [0.844, 0.846]","0.938 [0.937, 0.939]",0.8560812860175917,-0.0010,0.683
TDA + Area only,"0.855 [0.854, 0.856]","0.864 [0.860, 0.867]","0.847 [0.845, 0.850]","0.855 [0.854, 0.857]","0.825 [0.823, 0.827]","0.844 [0.842, 0.845]","0.937 [0.936, 0.937]",0.8546860782529573,-0.0024,0.445
TDA + Perimeter only,"0.852 [0.851, 0.854]","0.861 [0.858, 0.863]","0.845 [0.843, 0.848]","0.853 [0.851, 0.854]","0.822 [0.820, 0.824]","0.841 [0.839, 0.843]","0.937 [0.936, 0.937]",0.8521383075523202,-0.0049,0.134
Control: TDA + 120 column-permuted geo cols (dimension control),"0.831 [0.829, 0.833]","0.845 [0.843, 0.847]","0.819 [0.816, 0.822]","0.832 [0.830, 0.834]","0.795 [0.793, 0.798]","0.819 [0.818, 0.821]","0.915 [0.914, 0.915]",0.8309068850470125,-0.0262,7.31e-07
Control: TDA + duplicated TDA cols (pure redundancy),"0.844 [0.842, 0.847]","0.861 [0.858, 0.864]","0.830 [0.826, 0.834]","0.846 [0.843, 0.848]","0.808 [0.805, 0.812]","0.834 [0.831, 0.836]","0.928 [0.927, 0.928]",0.8440703670003034,-0.0130,0.00322
TDA only,"0.841 [0.840, 0.843]","0.854 [0.851, 0.856]","0.831 [0.828, 0.833]","0.842 [0.841, 0.844]","0.808 [0.805, 0.810]","0.830 [0.829, 0.831]","0.927 [0.926, 0.927]",0.8411889596602974,-0.0159,0.00131
LKC only,"0.841 [0.839, 0.843]","0.831 [0.829, 0.834]","0.849 [0.846, 0.852]","0.840 [0.838, 0.842]","0.821 [0.818, 0.823]","0.826 [0.824, 0.828]","0.920 [0.919, 0.920]",0.8409463148316652,-0.0161,0.0142
