,acc,sens,spec,bal_acc,auroc
TDA only,"0.853 [0.824, 0.879]","0.880 [0.843, 0.914]","0.831 [0.792, 0.869]","0.855 [0.827, 0.881]","0.931 [0.911, 0.948]"
LKC only,"0.845 [0.817, 0.871]","0.837 [0.793, 0.877]","0.853 [0.815, 0.889]","0.845 [0.816, 0.872]","0.928 [0.909, 0.946]"
Early: concat (current GeoTop),"0.874 [0.847, 0.900]","0.897 [0.860, 0.930]","0.856 [0.815, 0.891]","0.876 [0.849, 0.901]","0.945 [0.927, 0.961]"
Early: concat + MI top-100 (in-fold),"0.862 [0.835, 0.888]","0.890 [0.854, 0.923]","0.839 [0.799, 0.876]","0.864 [0.838, 0.890]","0.946 [0.929, 0.961]"
Late: mean of branch probs,"0.864 [0.838, 0.889]","0.873 [0.833, 0.908]","0.856 [0.819, 0.892]","0.864 [0.837, 0.890]","0.946 [0.929, 0.961]"
Late: weighted (w tuned on inner CV),"0.856 [0.829, 0.883]","0.873 [0.833, 0.909]","0.842 [0.802, 0.879]","0.857 [0.830, 0.884]","0.945 [0.928, 0.960]"
Late: stacked (logistic meta),"0.862 [0.835, 0.888]","0.910 [0.875, 0.940]","0.822 [0.780, 0.860]","0.866 [0.839, 0.891]","0.945 [0.928, 0.961]"
Interaction: concat + top-10 x top-10 products,"0.871 [0.844, 0.897]","0.900 [0.865, 0.932]","0.847 [0.808, 0.886]","0.874 [0.846, 0.898]","0.946 [0.928, 0.962]"
Linear: L2-logistic on concat,"0.880 [0.853, 0.905]","0.917 [0.883, 0.946]","0.850 [0.811, 0.886]","0.883 [0.857, 0.907]","0.950 [0.934, 0.964]"
