,acc,sens,spec,bal_acc,prec,f1,auroc,_mean_acc,Δacc vs ref [95% CI],ΔAUROC vs ref [95% CI],p (paired bootstrap)
TDA only,"0.853 [0.824, 0.879]","0.880 [0.843, 0.914]","0.831 [0.792, 0.869]","0.855 [0.827, 0.881]","0.812 [0.770, 0.852]","0.845 [0.811, 0.874]","0.931 [0.911, 0.948]",0.853030303030303,"-0.021 [-0.044, +0.002]","-0.015 [-0.024, -0.005]",0.074
LKC only,"0.845 [0.817, 0.871]","0.837 [0.793, 0.877]","0.853 [0.815, 0.889]","0.845 [0.816, 0.872]","0.826 [0.780, 0.869]","0.831 [0.797, 0.862]","0.928 [0.909, 0.946]",0.8454545454545455,"-0.029 [-0.052, -0.006]","-0.017 [-0.030, -0.006]",0.016
Early: concat (current GeoTop),"0.874 [0.847, 0.900]","0.897 [0.860, 0.930]","0.856 [0.815, 0.891]","0.876 [0.849, 0.901]","0.838 [0.796, 0.878]","0.866 [0.835, 0.895]","0.945 [0.927, 0.961]",0.8742424242424243,,,
Early: concat + MI top-100 (in-fold),"0.862 [0.835, 0.888]","0.890 [0.854, 0.923]","0.839 [0.799, 0.876]","0.864 [0.838, 0.890]","0.822 [0.780, 0.863]","0.854 [0.824, 0.883]","0.946 [0.929, 0.961]",0.8621212121212121,"-0.012 [-0.027, +0.003]","+0.001 [-0.003, +0.005]",0.118
Late: mean of branch probs,"0.864 [0.838, 0.889]","0.873 [0.833, 0.908]","0.856 [0.819, 0.892]","0.864 [0.837, 0.890]","0.834 [0.792, 0.874]","0.853 [0.821, 0.882]","0.946 [0.929, 0.961]",0.8636363636363636,"-0.011 [-0.029, +0.006]","+0.001 [-0.005, +0.007]",0.283
Late: weighted (w tuned on inner CV),"0.856 [0.829, 0.883]","0.873 [0.833, 0.909]","0.842 [0.802, 0.879]","0.857 [0.830, 0.884]","0.821 [0.777, 0.863]","0.847 [0.813, 0.876]","0.945 [0.928, 0.960]",0.8560606060606061,"-0.018 [-0.036, +0.000]","-0.000 [-0.006, +0.005]",0.061
Late: stacked (logistic meta),"0.862 [0.835, 0.888]","0.910 [0.875, 0.940]","0.822 [0.780, 0.860]","0.866 [0.839, 0.891]","0.810 [0.767, 0.851]","0.857 [0.826, 0.886]","0.945 [0.928, 0.961]",0.8621212121212121,"-0.012 [-0.030, +0.006]","+0.000 [-0.005, +0.006]",0.222
Interaction: concat + top-10 x top-10 products,"0.871 [0.844, 0.897]","0.900 [0.865, 0.932]","0.847 [0.808, 0.886]","0.874 [0.846, 0.898]","0.831 [0.789, 0.871]","0.864 [0.833, 0.892]","0.946 [0.928, 0.962]",0.8712121212121212,"-0.003 [-0.015, +0.011]","+0.001 [-0.003, +0.004]",0.75
Linear: L2-logistic on concat,"0.880 [0.853, 0.905]","0.917 [0.883, 0.946]","0.850 [0.811, 0.886]","0.883 [0.857, 0.907]","0.836 [0.794, 0.876]","0.874 [0.844, 0.900]","0.950 [0.934, 0.964]",0.8803030303030303,"+0.006 [-0.018, +0.030]","+0.005 [-0.008, +0.017]",0.656
