group,size,path,label,is_test
571,2,./archive/data/train/benign/1413.jpg,0,False
571,2,./archive/data/train/benign/1654.jpg,0,False
685,2,./archive/data/train/benign/1308.jpg,0,False
685,2,./archive/data/train/benign/1780.jpg,0,False
841,3,./archive/data/train/benign/1575.jpg,0,False
841,3,./archive/data/train/benign/1639.jpg,0,False
841,3,./archive/data/train/benign/340.jpg,0,False
952,2,./archive/data/train/benign/24.jpg,0,False
952,2,./archive/data/train/benign/470.jpg,0,False
1388,2,./archive/data/train/benign/308.jpg,0,False
1388,2,./archive/data/train/benign/978.jpg,0,False
1920,2,./archive/data/train/malignant/239.jpg,1,False
1920,2,./archive/data/train/malignant/240.jpg,1,False
1960,2,./archive/data/train/malignant/284.jpg,1,False
1960,2,./archive/data/train/malignant/285.jpg,1,False
1969,6,./archive/data/train/malignant/293.jpg,1,False
1969,6,./archive/data/train/malignant/294.jpg,1,False
1969,6,./archive/data/train/malignant/295.jpg,1,False
1969,6,./archive/data/train/malignant/296.jpg,1,False
1969,6,./archive/data/train/malignant/297.jpg,1,False
1969,6,./archive/data/train/malignant/298.jpg,1,False
1981,12,./archive/data/train/malignant/311.jpg,1,False
1981,12,./archive/data/train/malignant/312.jpg,1,False
1981,12,./archive/data/train/malignant/313.jpg,1,False
1981,12,./archive/data/train/malignant/314.jpg,1,False
1981,12,./archive/data/train/malignant/315.jpg,1,False
1981,12,./archive/data/train/malignant/316.jpg,1,False
1981,12,./archive/data/train/malignant/319.jpg,1,False
1981,12,./archive/data/train/malignant/320.jpg,1,False
1981,12,./archive/data/train/malignant/321.jpg,1,False
1981,12,./archive/data/test/malignant/310.jpg,1,True
1981,12,./archive/data/test/malignant/318.jpg,1,True
1981,12,./archive/data/test/malignant/322.jpg,1,True
2002,2,./archive/data/train/malignant/346.jpg,1,False
2002,2,./archive/data/train/malignant/347.jpg,1,False
2008,2,./archive/data/train/malignant/353.jpg,1,False
2008,2,./archive/data/train/malignant/354.jpg,1,False
2009,2,./archive/data/train/malignant/358.jpg,1,False
2009,2,./archive/data/train/malignant/359.jpg,1,False
2030,2,./archive/data/train/malignant/387.jpg,1,False
2030,2,./archive/data/train/malignant/388.jpg,1,False
2036,2,./archive/data/train/malignant/397.jpg,1,False
2036,2,./archive/data/train/malignant/398.jpg,1,False
2049,2,./archive/data/train/malignant/415.jpg,1,False
2049,2,./archive/data/train/malignant/416.jpg,1,False
2079,2,./archive/data/train/malignant/458.jpg,1,False
2079,2,./archive/data/train/malignant/461.jpg,1,False
2084,2,./archive/data/train/malignant/456.jpg,1,False
2084,2,./archive/data/train/malignant/467.jpg,1,False
2254,2,./archive/data/train/malignant/309.jpg,1,False
2254,2,./archive/data/train/malignant/656.jpg,1,False
2314,2,./archive/data/train/malignant/367.jpg,1,False
2314,2,./archive/data/train/malignant/722.jpg,1,False
2352,2,./archive/data/train/malignant/768.jpg,1,False
2352,2,./archive/data/train/malignant/769.jpg,1,False
2439,2,./archive/data/train/malignant/857.jpg,1,False
2439,2,./archive/data/train/malignant/875.jpg,1,False
2495,2,./archive/data/train/malignant/886.jpg,1,False
2495,2,./archive/data/train/malignant/936.jpg,1,False
2596,2,./archive/data/train/benign/286.jpg,0,False
2596,2,./archive/data/test/benign/1180.jpg,0,True
2660,2,./archive/data/train/benign/459.jpg,0,False
2660,2,./archive/data/test/benign/1479.jpg,0,True
2707,38,./archive/data/train/benign/1005.jpg,0,False
2707,38,./archive/data/train/benign/1098.jpg,0,False
2707,38,./archive/data/train/benign/1184.jpg,0,False
2707,38,./archive/data/train/benign/1211.jpg,0,False
2707,38,./archive/data/train/benign/1234.jpg,0,False
2707,38,./archive/data/train/benign/1307.jpg,0,False
2707,38,./archive/data/train/benign/1317.jpg,0,False
2707,38,./archive/data/train/benign/1595.jpg,0,False
2707,38,./archive/data/train/benign/170.jpg,0,False
2707,38,./archive/data/train/benign/1770.jpg,0,False
2707,38,./archive/data/train/benign/240.jpg,0,False
2707,38,./archive/data/train/benign/319.jpg,0,False
2707,38,./archive/data/train/benign/334.jpg,0,False
2707,38,./archive/data/train/benign/374.jpg,0,False
2707,38,./archive/data/train/benign/431.jpg,0,False
2707,38,./archive/data/train/benign/451.jpg,0,False
2707,38,./archive/data/train/benign/508.jpg,0,False
2707,38,./archive/data/train/benign/788.jpg,0,False
2707,38,./archive/data/train/benign/792.jpg,0,False
2707,38,./archive/data/train/benign/811.jpg,0,False
2707,38,./archive/data/train/benign/831.jpg,0,False
2707,38,./archive/data/train/benign/872.jpg,0,False
2707,38,./archive/data/train/malignant/1117.jpg,1,False
2707,38,./archive/data/train/malignant/1255.jpg,1,False
2707,38,./archive/data/train/malignant/1477.jpg,1,False
2707,38,./archive/data/train/malignant/1494.jpg,1,False
2707,38,./archive/data/train/malignant/1496.jpg,1,False
2707,38,./archive/data/train/malignant/80.jpg,1,False
2707,38,./archive/data/train/malignant/900.jpg,1,False
2707,38,./archive/data/train/malignant/965.jpg,1,False
2707,38,./archive/data/train/malignant/977.jpg,1,False
2707,38,./archive/data/test/benign/1514.jpg,0,True
2707,38,./archive/data/test/benign/1721.jpg,0,True
2707,38,./archive/data/test/benign/1745.jpg,0,True
2707,38,./archive/data/test/benign/2.jpg,0,True
2707,38,./archive/data/test/benign/575.jpg,0,True
2707,38,./archive/data/test/benign/894.jpg,0,True
2707,38,./archive/data/test/benign/906.jpg,0,True
2755,2,./archive/data/train/benign/1593.jpg,0,False
2755,2,./archive/data/test/benign/335.jpg,0,True
2789,3,./archive/data/train/benign/614.jpg,0,False
2789,3,./archive/data/test/benign/1183.jpg,0,True
2789,3,./archive/data/test/benign/5.jpg,0,True
2926,3,./archive/data/train/malignant/1124.jpg,1,False
2926,3,./archive/data/train/malignant/1429.jpg,1,False
2926,3,./archive/data/test/malignant/1089.jpg,1,True
3050,2,./archive/data/train/malignant/277.jpg,1,False
3050,2,./archive/data/test/malignant/276.jpg,1,True
3061,2,./archive/data/train/malignant/357.jpg,1,False
3061,2,./archive/data/test/malignant/356.jpg,1,True
3064,3,./archive/data/train/malignant/374.jpg,1,False
3064,3,./archive/data/train/malignant/376.jpg,1,False
3064,3,./archive/data/test/malignant/375.jpg,1,True
3065,2,./archive/data/train/malignant/377.jpg,1,False
3065,2,./archive/data/test/malignant/381.jpg,1,True
3074,2,./archive/data/train/malignant/403.jpg,1,False
3074,2,./archive/data/test/malignant/402.jpg,1,True
3078,7,./archive/data/train/malignant/420.jpg,1,False
3078,7,./archive/data/train/malignant/422.jpg,1,False
3078,7,./archive/data/train/malignant/423.jpg,1,False
3078,7,./archive/data/train/malignant/425.jpg,1,False
3078,7,./archive/data/test/malignant/419.jpg,1,True
3078,7,./archive/data/test/malignant/421.jpg,1,True
3078,7,./archive/data/test/malignant/424.jpg,1,True
3095,2,./archive/data/train/malignant/439.jpg,1,False
3095,2,./archive/data/test/malignant/507.jpg,1,True
3136,2,./archive/data/train/malignant/328.jpg,1,False
3136,2,./archive/data/test/malignant/679.jpg,1,True
3165,2,./archive/data/train/malignant/837.jpg,1,False
3165,2,./archive/data/test/malignant/817.jpg,1,True
